[{"model": "admin.logentry", "pk": 1, "fields": {"action_time": "2025-06-10T20:56:27.842Z", "user": 8, "content_type": 22, "object_id": "5", "object_repr": "kone_farm", "action_flag": 2, "change_message": "[{\"changed\": {\"fields\": [\"Last login\", \"Date joined\", \"Photo profil\", \"Derniere connexion\"]}}]"}}, {"model": "admin.logentry", "pk": 2, "fields": {"action_time": "2025-06-10T20:59:53.620Z", "user": 8, "content_type": 34, "object_id": "1", "object_repr": "AnnonceImage object (1)", "action_flag": 2, "change_message": "[{\"changed\": {\"fields\": [\"Url image\"]}}]"}}, {"model": "admin.logentry", "pk": 3, "fields": {"action_time": "2025-06-10T21:00:09.449Z", "user": 8, "content_type": 34, "object_id": "2", "object_repr": "AnnonceImage object (2)", "action_flag": 2, "change_message": "[{\"changed\": {\"fields\": [\"Url image\"]}}]"}}, {"model": "admin.logentry", "pk": 4, "fields": {"action_time": "2025-06-10T21:08:05.664Z", "user": 8, "content_type": 22, "object_id": "2", "object_repr": "yamahb", "action_flag": 2, "change_message": "[{\"changed\": {\"fields\": [\"Active\", \"Date joined\", \"Statut verification\"]}}]"}}, {"model": "admin.logentry", "pk": 5, "fields": {"action_time": "2025-06-10T22:04:33.513Z", "user": 8, "content_type": 22, "object_id": "1", "object_repr": "kouadioa", "action_flag": 2, "change_message": "[{\"changed\": {\"fields\": [\"Last login\", \"Date joined\", \"Derniere connexion\", \"Statut verification\"]}}]"}}, {"model": "admin.logentry", "pk": 6, "fields": {"action_time": "2025-06-10T22:08:48.902Z", "user": 8, "content_type": 6, "object_id": "2", "object_repr": "Annonce object (2)", "action_flag": 1, "change_message": "[{\"added\": {}}, {\"added\": {\"name\": \"annonce produit\", \"object\": \"AnnonceProduit object (4)\"}}]"}}, {"model": "admin.logentry", "pk": 7, "fields": {"action_time": "2025-06-10T22:22:28.020Z", "user": 8, "content_type": 6, "object_id": "2", "object_repr": "Annonce object (2)", "action_flag": 2, "change_message": "[{\"added\": {\"name\": \"annonce image\", \"object\": \"AnnonceImage object (3)\"}}, {\"added\": {\"name\": \"annonce image\", \"object\": \"AnnonceImage object (4)\"}}]"}}, {"model": "admin.logentry", "pk": 8, "fields": {"action_time": "2025-06-12T00:48:30.293Z", "user": 8, "content_type": 6, "object_id": "3", "object_repr": "Annonce object (3)", "action_flag": 1, "change_message": "[{\"added\": {}}]"}}, {"model": "admin.logentry", "pk": 9, "fields": {"action_time": "2025-06-12T14:50:45.706Z", "user": 8, "content_type": 36, "object_id": "1", "object_repr": "100 kg", "action_flag": 1, "change_message": "[{\"added\": {}}]"}}, {"model": "admin.logentry", "pk": 10, "fields": {"action_time": "2025-06-12T14:57:34.812Z", "user": 8, "content_type": 36, "object_id": "2", "object_repr": "500 kg", "action_flag": 1, "change_message": "[{\"added\": {}}]"}}, {"model": "admin.logentry", "pk": 11, "fields": {"action_time": "2025-06-12T15:15:33.295Z", "user": 8, "content_type": 24, "object_id": "5", "object_repr": "partout à Abidjan - 1000 XOF", "action_flag": 1, "change_message": "[{\"added\": {}}]"}}, {"model": "admin.logentry", "pk": 12, "fields": {"action_time": "2025-06-12T15:16:09.698Z", "user": 8, "content_type": 13, "object_id": "2", "object_repr": "Livreur: Yamahiou Bernard", "action_flag": 1, "change_message": "[{\"added\": {}}]"}}, {"model": "admin.logentry", "pk": 13, "fields": {"action_time": "2025-06-12T15:35:37.434Z", "user": 8, "content_type": 22, "object_id": "9", "object_repr": "yamahb128", "action_flag": 2, "change_message": "[{\"changed\": {\"fields\": [\"Role\", \"Photo profil\", \"Statut verification\", \"Zone de r\\u00e9sidence\"]}}]"}}, {"model": "admin.logentry", "pk": 14, "fields": {"action_time": "2025-06-12T15:36:25.275Z", "user": 8, "content_type": 32, "object_id": "13", "object_repr": "WhatsApp: +2250505852591", "action_flag": 1, "change_message": "[{\"added\": {}}]"}}, {"model": "admin.logentry", "pk": 15, "fields": {"action_time": "2025-06-12T15:42:30.346Z", "user": 8, "content_type": 36, "object_id": "4", "object_repr": "50 kg", "action_flag": 1, "change_message": "[{\"added\": {}}]"}}, {"model": "admin.logentry", "pk": 16, "fields": {"action_time": "2025-06-12T17:09:04.079Z", "user": 8, "content_type": 23, "object_id": "3", "object_repr": "Camionnette - AMV12", "action_flag": 2, "change_message": "[{\"changed\": {\"fields\": [\"Type\", \"Capacite\", \"Photo url\"]}}]"}}, {"model": "admin.logentry", "pk": 17, "fields": {"action_time": "2025-06-12T17:11:09.951Z", "user": 8, "content_type": 36, "object_id": "5", "object_repr": "1000 kg", "action_flag": 1, "change_message": "[{\"added\": {}}]"}}, {"model": "admin.logentry", "pk": 18, "fields": {"action_time": "2025-06-12T17:11:11.885Z", "user": 8, "content_type": 23, "object_id": "4", "object_repr": "Tricycle - AMV11", "action_flag": 1, "change_message": "[{\"added\": {}}]"}}, {"model": "admin.logentry", "pk": 19, "fields": {"action_time": "2025-06-12T17:14:05.392Z", "user": 8, "content_type": 23, "object_id": "5", "object_repr": "Moto - AMV14", "action_flag": 1, "change_message": "[{\"added\": {}}]"}}, {"model": "admin.logentry", "pk": 20, "fields": {"action_time": "2025-06-12T17:20:14.999Z", "user": 8, "content_type": 22, "object_id": "9", "object_repr": "yamahb128", "action_flag": 2, "change_message": "[{\"changed\": {\"fields\": [\"Photo profil\"]}}]"}}, {"model": "admin.logentry", "pk": 21, "fields": {"action_time": "2025-06-13T03:20:22.893Z", "user": 8, "content_type": 22, "object_id": "11", "object_repr": "Rubin789", "action_flag": 1, "change_message": "[{\"added\": {}}]"}}, {"model": "admin.logentry", "pk": 22, "fields": {"action_time": "2025-06-13T03:24:04.701Z", "user": 8, "content_type": 22, "object_id": "12", "object_repr": "rubin123", "action_flag": 2, "change_message": "[{\"changed\": {\"fields\": [\"Role\", \"Statut verification\"]}}]"}}, {"model": "admin.logentry", "pk": 23, "fields": {"action_time": "2025-06-13T04:16:43.956Z", "user": 8, "content_type": 22, "object_id": "13", "object_repr": "user-test", "action_flag": 1, "change_message": "[{\"added\": {}}]"}}, {"model": "admin.logentry", "pk": 24, "fields": {"action_time": "2025-06-13T04:17:32.556Z", "user": 8, "content_type": 22, "object_id": "13", "object_repr": "user-test", "action_flag": 2, "change_message": "[]"}}, {"model": "admin.logentry", "pk": 25, "fields": {"action_time": "2025-06-13T04:19:39.934Z", "user": 8, "content_type": 22, "object_id": "13", "object_repr": "user-test", "action_flag": 2, "change_message": "[]"}}, {"model": "admin.logentry", "pk": 26, "fields": {"action_time": "2025-06-13T04:27:30.001Z", "user": 8, "content_type": 22, "object_id": "10", "object_repr": "lilib12", "action_flag": 2, "change_message": "[{\"changed\": {\"fields\": [\"Role\"]}}]"}}, {"model": "admin.logentry", "pk": 27, "fields": {"action_time": "2025-06-13T04:27:56.710Z", "user": 8, "content_type": 22, "object_id": "10", "object_repr": "lilib12", "action_flag": 2, "change_message": "[{\"changed\": {\"fields\": [\"Statut verification\", \"Zone de r\\u00e9sidence\"]}}]"}}, {"model": "sessions.session", "pk": "95bavsikz4yff7dfi1bx8vzkpmpd85s1", "fields": {"session_data": ".eJxVjLEOgzAQQ_8lcxVBDkjSsTvfEN3lLg1tBRKBqeq_N0gMreTB8rP9VgH3LYe9yBomVlfl1OU3I4xPmQ_AD5zvi47LvK0T6aOiT1r0uLC8bmf37yBjyXUNfgDTdIKto9hXS2BsaiwaBCPJgOG29dFXEVrP4F3HItAzCQ0J1OcLydU31A:1uPho2:aClWvajciIdaa9UnJTscNRg6NoxrGGLyQ254uyq_azA", "expire_date": "2025-06-26T13:17:22.108Z"}}, {"model": "sessions.session", "pk": "ntoqxpm2tiiwda1kwzhngf71tf8lepw0", "fields": {"session_data": ".eJxVjcEOwiAQRP-FsyFAV6AevfsNZBdYqRqalPZk_Hdp0oNe572ZeYuA21rC1vISpiQuQitx-g0J4zPXnaQH1vss41zXZSK5K_KgTd7mlF_Xw_0bKNhKb5OxzmMcmA058MMIThEYB0iZxjOpqLRDZg2WU2b2oKzRpLoP_SWKzxcL6Di0:1uQ31M:MawMxFzN7smBtN00pHnr1vYom7gaXDwiEGhtlzK1rsM", "expire_date": "2025-06-27T11:56:32.858Z"}}, {"model": "sessions.session", "pk": "yn06ac4bga4ilwxhtela382gazd1p76k", "fields": {"session_data": ".eJxVjLEOgzAQQ_8lcxVBDkjSsTvfEN3lLg1tBRKBqeq_N0gMreTB8rP9VgH3LYe9yBomVlfl1OU3I4xPmQ_AD5zvi47LvK0T6aOiT1r0uLC8bmf37yBjyXUNfgDTdIKto9hXS2BsaiwaBCPJgOG29dFXEVrP4F3HItAzCQ0J1OcLydU31A:1uPlaV:uj_swgzd4wZp5zLHPqNCj2ct_T4mGe1tbdyOzWR8ZDQ", "expire_date": "2025-06-26T17:19:39.334Z"}}, {"model": "Agri_Connect_CI.unitemesure", "pk": 1, "fields": {"nom": "kilogramme", "abbr": "kg"}}, {"model": "Agri_Connect_CI.unitemesure", "pk": 2, "fields": {"nom": "gramme", "abbr": "g"}}, {"model": "Agri_Connect_CI.unitemesure", "pk": 3, "fields": {"nom": "litre", "abbr": "l"}}, {"model": "Agri_Connect_CI.unitemesure", "pk": 4, "fields": {"nom": "pièce", "abbr": "pce"}}, {"model": "Agri_Connect_CI.unitemesure", "pk": 7, "fields": {"nom": "Tonne", "abbr": "t"}}, {"model": "Agri_Connect_CI.unitemesure", "pk": 8, "fields": {"nom": "Pièce", "abbr": "p"}}, {"model": "Agri_Connect_CI.unitemesure", "pk": 9, "fields": {"nom": "Sac", "abbr": "sac"}}, {"model": "Agri_Connect_CI.unitemesure", "pk": 10, "fields": {"nom": "Botte", "abbr": "botte"}}, {"model": "Agri_Connect_CI.unitemesure", "pk": 11, "fields": {"nom": "Cagette", "abbr": "cag"}}, {"model": "Agri_Connect_CI.unitemesure", "pk": 12, "fields": {"nom": "Barquette", "abbr": "barq"}}, {"model": "Agri_Connect_CI.capacitevehicule", "pk": 3, "fields": {"valeur": "1000.00", "unite": 1, "description": ""}}, {"model": "Agri_Connect_CI.capacitevehicule", "pk": 4, "fields": {"valeur": "50.00", "unite": 1, "description": "moto de livraison"}}, {"model": "Agri_Connect_CI.capacitevehicule", "pk": 5, "fields": {"valeur": "1000.00", "unite": 1, "description": "Tricycle pour livraison"}}, {"model": "Agri_Connect_CI.devise", "pk": 1, "fields": {"code": "XOF", "nom": "Franc CFA"}}, {"model": "Agri_Connect_CI.devise", "pk": 2, "fields": {"code": "EUR", "nom": "Euro"}}, {"model": "Agri_Connect_CI.devise", "pk": 3, "fields": {"code": "USD", "nom": "Dollar US"}}, {"model": "Agri_Connect_CI.devise", "pk": 5, "fields": {"code": "USD", "nom": "Dollar Américain"}}, {"model": "Agri_Connect_CI.zone", "pk": 1, "fields": {"ville": "Abidjan", "quartier": "Cocody", "code_postal": "22501"}}, {"model": "Agri_Connect_CI.zone", "pk": 2, "fields": {"ville": "Abidjan", "quartier": "Yopougon", "code_postal": "22502"}}, {"model": "Agri_Connect_CI.zone", "pk": 3, "fields": {"ville": "Bouaké", "quartier": "Belle Ville", "code_postal": "27001"}}, {"model": "Agri_Connect_CI.zone", "pk": 4, "fields": {"ville": "Abidjan", "quartier": "Plateau", "code_postal": "00225"}}, {"model": "Agri_Connect_CI.zone", "pk": 5, "fields": {"ville": "Abidjan", "quartier": "Adjamé", "code_postal": "00225"}}, {"model": "Agri_Connect_CI.zone", "pk": 6, "fields": {"ville": "Abidjan", "quartier": "Treichville", "code_postal": "00225"}}, {"model": "Agri_Connect_CI.zone", "pk": 7, "fields": {"ville": "Daloa", "quartier": "Liberté", "code_postal": "00225"}}, {"model": "Agri_Connect_CI.zone", "pk": 8, "fields": {"ville": "Gagnoa", "quartier": "Commerce", "code_postal": "00225"}}, {"model": "Agri_Connect_CI.utilisateur", "pk": 1, "fields": {"password": "azerty123", "last_login": "2025-06-11T00:00:00Z", "is_superuser": false, "first_name": "", "last_name": "", "email": "", "is_staff": false, "is_active": false, "date_joined": "2025-06-01T06:00:00Z", "username": "kouadioa", "full_name": "Kouadio Alain", "role": "producteur", "photo_profil": "", "date_inscription": "2025-06-24T22:51:00Z", "derniere_connexion": "2025-06-16T22:04:10Z", "statut_verification": "vérifié", "zone": 1, "groups": [], "user_permissions": []}}, {"model": "Agri_Connect_CI.utilisateur", "pk": 2, "fields": {"password": "bernardpass", "last_login": null, "is_superuser": false, "first_name": "", "last_name": "", "email": "", "is_staff": false, "is_active": true, "date_joined": "2025-06-09T21:08:01Z", "username": "yamahb", "full_name": "Yamahiou Bernard", "role": "acheteur", "photo_profil": "", "date_inscription": "2025-06-03T22:51:10Z", "derniere_connexion": null, "statut_verification": "vérifié", "zone": 2, "groups": [], "user_permissions": []}}, {"model": "Agri_Connect_CI.utilisateur", "pk": 3, "fields": {"password": "mireille321", "last_login": null, "is_superuser": false, "first_name": "", "last_name": "", "email": "", "is_staff": false, "is_active": false, "date_joined": null, "username": "koffie_m", "full_name": "Koffi Mireille", "role": "livreur", "photo_profil": "", "date_inscription": "2025-06-23T22:51:15Z", "derniere_connexion": null, "statut_verification": "", "zone": 3, "groups": [], "user_permissions": []}}, {"model": "Agri_Connect_CI.utilisateur", "pk": 4, "fields": {"password": "brice2024", "last_login": null, "is_superuser": false, "first_name": "", "last_name": "", "email": "", "is_staff": false, "is_active": false, "date_joined": null, "username": "agneg_b", "full_name": "Agnegbé Brice", "role": "producteur", "photo_profil": "", "date_inscription": "2025-06-09T22:51:21Z", "derniere_connexion": null, "statut_verification": "", "zone": 2, "groups": [], "user_permissions": []}}, {"model": "Agri_Connect_CI.utilisateur", "pk": 5, "fields": {"password": "motdepasse123", "last_login": "2025-06-22T20:55:22Z", "is_superuser": false, "first_name": "", "last_name": "", "email": "", "is_staff": false, "is_active": false, "date_joined": "2025-06-01T12:00:00Z", "username": "kone_farm", "full_name": "Kone Mamadou", "role": "producteur", "photo_profil": "profils/images-removebg-preview_UEb0TXY.png", "date_inscription": "2025-06-09T22:51:26Z", "derniere_connexion": "2025-06-23T00:00:00Z", "statut_verification": "vérifié", "zone": 1, "groups": [], "user_permissions": []}}, {"model": "Agri_Connect_CI.utilisateur", "pk": 6, "fields": {"password": "motdepasse123", "last_login": null, "is_superuser": false, "first_name": "", "last_name": "", "email": "", "is_staff": false, "is_active": false, "date_joined": null, "username": "fatou_market", "full_name": "Fatou Traoré", "role": "acheteur", "photo_profil": "", "date_inscription": "2025-06-11T22:51:31Z", "derniere_connexion": null, "statut_verification": "vérifié", "zone": 2, "groups": [], "user_permissions": []}}, {"model": "Agri_Connect_CI.utilisateur", "pk": 7, "fields": {"password": "motdepasse123", "last_login": null, "is_superuser": false, "first_name": "", "last_name": "", "email": "", "is_staff": false, "is_active": false, "date_joined": null, "username": "ali_delivery", "full_name": "Ali Coulibaly", "role": "livreur", "photo_profil": "", "date_inscription": "2025-06-18T22:51:36Z", "derniere_connexion": null, "statut_verification": "vérifié", "zone": null, "groups": [], "user_permissions": []}}, {"model": "Agri_Connect_CI.utilisateur", "pk": 8, "fields": {"password": "pbkdf2_sha256$600000$rrDqahXxl34zAfv6OoemAb$KiJYBQvLwDI3kT/vIA8SZYUtpCArnfqwJ6HtmWz5fJs=", "last_login": "2025-06-13T11:46:26.567Z", "is_superuser": true, "first_name": "", "last_name": "", "email": "", "is_staff": true, "is_active": true, "date_joined": "2025-06-10T20:39:25.449Z", "username": "amykrakra", "full_name": "Amy kara", "role": "acheteur", "photo_profil": "", "date_inscription": "2025-06-10T20:39:26.636Z", "derniere_connexion": "2025-06-13T11:46:26.686Z", "statut_verification": "non vérifié", "zone": null, "groups": [], "user_permissions": []}}, {"model": "Agri_Connect_CI.utilisateur", "pk": 9, "fields": {"password": "pbkdf2_sha256$600000$eNTpTKgWvalQjJ0K47XcSC$0T4mG7q3QbX1+bmz7xKHCgtjVvZcHBQwzUkeYCZ0R44=", "last_login": "2025-06-13T11:42:04.203Z", "is_superuser": false, "first_name": "", "last_name": "", "email": "yamahioubernard12@gmail.com", "is_staff": false, "is_active": true, "date_joined": "2025-06-10T21:10:49Z", "username": "yamahb128", "full_name": "Yamahiou Bernard", "role": "livreur", "photo_profil": "profils/WhatsApp_Image_2025-02-25_à_22.42.20_3bd66eef-removebg-preview.png", "date_inscription": "2025-06-10T21:10:50.917Z", "derniere_connexion": "2025-06-13T11:42:04.298Z", "statut_verification": "vérifié", "zone": 2, "groups": [], "user_permissions": []}}, {"model": "Agri_Connect_CI.utilisateur", "pk": 10, "fields": {"password": "pbkdf2_sha256$600000$VdDp8MxTAnjSrMuAGcirIZ$zJ6xX3yiRo+1vcBhtr0PTL9C7b2K2dPxKpMcq13WGac=", "last_login": "2025-06-13T11:56:32.728Z", "is_superuser": false, "first_name": "", "last_name": "", "email": "liliberry125@gmail.com", "is_staff": false, "is_active": true, "date_joined": "2025-06-12T22:34:16Z", "username": "lilib12", "full_name": "Lili Berry", "role": "livreur", "photo_profil": "profils/Muslim_character.jpg", "date_inscription": "2025-06-12T22:34:17.694Z", "derniere_connexion": "2025-06-13T11:56:32.796Z", "statut_verification": "vérifié", "zone": 2, "groups": [], "user_permissions": []}}, {"model": "Agri_Connect_CI.utilisateur", "pk": 11, "fields": {"password": "aimerode", "last_login": null, "is_superuser": false, "first_name": "", "last_name": "", "email": "", "is_staff": false, "is_active": true, "date_joined": "2025-06-13T03:19:15Z", "username": "Rubin789", "full_name": "Rubin Bobo", "role": "producteur", "photo_profil": "", "date_inscription": "2025-06-13T03:20:22.656Z", "derniere_connexion": "2025-06-13T03:20:17Z", "statut_verification": "vérifié", "zone": null, "groups": [], "user_permissions": []}}, {"model": "Agri_Connect_CI.utilisateur", "pk": 12, "fields": {"password": "pbkdf2_sha256$600000$2vYtm0eTcJ8RPsKy6tciFk$GXPga3RE8YHykw8/fozQsWq5j5abqqWd+RinGhRmnNg=", "last_login": "2025-06-13T10:23:23.487Z", "is_superuser": false, "first_name": "", "last_name": "", "email": "rubin123@gmail.com", "is_staff": false, "is_active": true, "date_joined": "2025-06-13T03:23:06Z", "username": "rubin123", "full_name": "Bobo Rubin", "role": "producteur", "photo_profil": "", "date_inscription": "2025-06-13T03:23:07.555Z", "derniere_connexion": "2025-06-13T10:23:23.564Z", "statut_verification": "vérifié", "zone": null, "groups": [], "user_permissions": []}}, {"model": "Agri_Connect_CI.utilisateur", "pk": 13, "fields": {"password": "aimerode", "last_login": null, "is_superuser": false, "first_name": "", "last_name": "", "email": "", "is_staff": false, "is_active": true, "date_joined": "2025-06-13T04:15:23Z", "username": "user-test", "full_name": "Test man", "role": "producteur", "photo_profil": "", "date_inscription": "2025-06-13T04:16:43.696Z", "derniere_connexion": null, "statut_verification": "vérifié", "zone": null, "groups": [], "user_permissions": []}}, {"model": "Agri_Connect_CI.typecontact", "pk": 1, "fields": {"nom": "Email"}}, {"model": "Agri_Connect_CI.typecontact", "pk": 2, "fields": {"nom": "Téléphone"}}, {"model": "Agri_Connect_CI.typecontact", "pk": 3, "fields": {"nom": "WhatsApp"}}, {"model": "Agri_Connect_CI.contact", "pk": 1, "fields": {"utilisateur": 1, "type_contact": 1, "valeur": "kouadio.alain@example.ci"}}, {"model": "Agri_Connect_CI.contact", "pk": 2, "fields": {"utilisateur": 1, "type_contact": 2, "valeur": "+2250701010101"}}, {"model": "Agri_Connect_CI.contact", "pk": 3, "fields": {"utilisateur": 1, "type_contact": 3, "valeur": "+2250701010101"}}, {"model": "Agri_Connect_CI.contact", "pk": 4, "fields": {"utilisateur": 2, "type_contact": 1, "valeur": "yamahiou.bernard@example.ci"}}, {"model": "Agri_Connect_CI.contact", "pk": 5, "fields": {"utilisateur": 3, "type_contact": 2, "valeur": "+2250702020202"}}, {"model": "Agri_Connect_CI.contact", "pk": 6, "fields": {"utilisateur": 3, "type_contact": 3, "valeur": "+2250702020202"}}, {"model": "Agri_Connect_CI.contact", "pk": 7, "fields": {"utilisateur": 5, "type_contact": 2, "valeur": "+2250701010101"}}, {"model": "Agri_Connect_CI.contact", "pk": 8, "fields": {"utilisateur": 6, "type_contact": 3, "valeur": "+2250502020202"}}, {"model": "Agri_Connect_CI.contact", "pk": 9, "fields": {"utilisateur": 7, "type_contact": 2, "valeur": "+2250103030303"}}, {"model": "Agri_Connect_CI.contact", "pk": 10, "fields": {"utilisateur": 9, "type_contact": 1, "valeur": "yamahioubernard12@gmail.com"}}, {"model": "Agri_Connect_CI.contact", "pk": 11, "fields": {"utilisateur": 9, "type_contact": 2, "valeur": "+2250701850708"}}, {"model": "Agri_Connect_CI.contact", "pk": 12, "fields": {"utilisateur": 7, "type_contact": 3, "valeur": "+2250546282358"}}, {"model": "Agri_Connect_CI.contact", "pk": 13, "fields": {"utilisateur": 9, "type_contact": 3, "valeur": "+2250505852591"}}, {"model": "Agri_Connect_CI.contact", "pk": 14, "fields": {"utilisateur": 10, "type_contact": 1, "valeur": "liliberry125@gmail.com"}}, {"model": "Agri_Connect_CI.contact", "pk": 15, "fields": {"utilisateur": 10, "type_contact": 2, "valeur": "+2250777984917"}}, {"model": "Agri_Connect_CI.contact", "pk": 16, "fields": {"utilisateur": 12, "type_contact": 1, "valeur": "rubin123@gmail.com"}}, {"model": "Agri_Connect_CI.contact", "pk": 17, "fields": {"utilisateur": 12, "type_contact": 2, "valeur": "+2250702850709"}}, {"model": "Agri_Connect_CI.producteur", "pk": 1, "fields": {"utilisateur": 1, "date_debut_activite": "2015-01-15", "methode_production": "bio", "description_longue": "Producteur de mangues bio en Côte d'Ivoire.", "specialites": "Mangues, Ananas", "annee_debut": 2015}}, {"model": "Agri_Connect_CI.producteur", "pk": 2, "fields": {"utilisateur": 4, "date_debut_activite": "2018-05-20", "methode_production": "permaculture", "description_longue": "Agriculteur spécialisé en permaculture.", "specialites": "Tomates, Piments", "annee_debut": 2018}}, {"model": "Agri_Connect_CI.producteur", "pk": 3, "fields": {"utilisateur": 5, "date_debut_activite": "2017-06-15", "methode_production": "bio", "description_longue": "Producteur spécialisé dans les cultures maraîchères biologiques", "specialites": "Laitue, choux, carottes", "annee_debut": 2012}}, {"model": "Agri_Connect_CI.categorieproduit", "pk": 1, "fields": {"nom": "Fruits"}}, {"model": "Agri_Connect_CI.categorieproduit", "pk": 2, "fields": {"nom": "Légumes"}}, {"model": "Agri_Connect_CI.categorieproduit", "pk": 3, "fields": {"nom": "Céréales"}}, {"model": "Agri_Connect_CI.categorieproduit", "pk": 4, "fields": {"nom": "Produits laitiers"}}, {"model": "Agri_Connect_CI.producteurproduit", "pk": 1, "fields": {"producteur": 1, "categorie": 1}}, {"model": "Agri_Connect_CI.producteurproduit", "pk": 2, "fields": {"producteur": 1, "categorie": 3}}, {"model": "Agri_Connect_CI.producteurproduit", "pk": 3, "fields": {"producteur": 2, "categorie": 2}}, {"model": "Agri_Connect_CI.producteurproduit", "pk": 4, "fields": {"producteur": 3, "categorie": 2}}, {"model": "Agri_Connect_CI.producteurproduit", "pk": 5, "fields": {"producteur": 3, "categorie": 1}}, {"model": "Agri_Connect_CI.typeannonce", "pk": 1, "fields": {"nom": "Vente de produits agricoles"}}, {"model": "Agri_Connect_CI.typeannonce", "pk": 2, "fields": {"nom": "Demande"}}, {"model": "Agri_Connect_CI.typeannonce", "pk": 3, "fields": {"nom": "Service"}}, {"model": "Agri_Connect_CI.typeannonce", "pk": 4, "fields": {"nom": "Vente"}}, {"model": "Agri_Connect_CI.typeannonce", "pk": 5, "fields": {"nom": "Autres"}}, {"model": "Agri_Connect_CI.annonce", "pk": 1, "fields": {"auteur": 5, "type_annonce": 1, "titre": "Légumes bio frais", "description": "Légumes cultivés sans pesticides, récoltés quotidiennement", "zone": 1, "date_annonce": null, "statut": "active"}}, {"model": "Agri_Connect_CI.annonce", "pk": 2, "fields": {"auteur": 1, "type_annonce": 1, "titre": "Vente de Mangue d'Afrique centrale", "description": "Bonne mangues venu de Gabon et récoltées avec soins .", "zone": 1, "date_annonce": "2025-06-10T22:08:48.772Z", "statut": "active"}}, {"model": "Agri_Connect_CI.annonce", "pk": 3, "fields": {"auteur": 7, "type_annonce": 5, "titre": "Acte de Charité", "description": "Je suis un nouveau livreur , et j'offre mes services de livraison à 500FCFA , partout à Abidjan", "zone": 1, "date_annonce": "2025-06-12T00:48:30.195Z", "statut": "active"}}, {"model": "Agri_Connect_CI.annonceimage", "pk": 1, "fields": {"annonce": 1, "url_image": "annonces/images/téléchargement_1.jpeg", "legende": "Laitue bio fraîchement récoltée"}}, {"model": "Agri_Connect_CI.annonceimage", "pk": 2, "fields": {"annonce": 1, "url_image": "annonces/images/téléchargement.jpeg", "legende": "Nos champs de culture biologique"}}, {"model": "Agri_Connect_CI.annonceimage", "pk": 3, "fields": {"annonce": 2, "url_image": "annonces/images/images_2.jpeg", "legende": null}}, {"model": "Agri_Connect_CI.annonceimage", "pk": 4, "fields": {"annonce": 2, "url_image": "annonces/images/images_3.jpeg", "legende": null}}, {"model": "Agri_Connect_CI.conditionnement", "pk": 1, "fields": {"nom": "Sac de jute", "description": "Sac de jute 50kg"}}, {"model": "Agri_Connect_CI.conditionnement", "pk": 2, "fields": {"nom": "Bidon", "description": "Bidon de 20 litres"}}, {"model": "Agri_Connect_CI.conditionnement", "pk": 3, "fields": {"nom": "Panier", "description": "Panier en osier de 3kg"}}, {"model": "Agri_Connect_CI.conditionnement", "pk": 4, "fields": {"nom": "Caisse", "description": "Caisse en bois de 10kg"}}, {"model": "Agri_Connect_CI.certification", "pk": 1, "fields": {"nom": "BIO", "organisme_emetteur": "Agence Bio Côte d'Ivoire", "description": "Certification bio reconnue en Côte d'Ivoire"}}, {"model": "Agri_Connect_CI.certification", "pk": 2, "fields": {"nom": "Agriculture Durable", "organisme_emetteur": "Ministère de l'Agriculture", "description": "Label agriculture durable"}}, {"model": "Agri_Connect_CI.certification", "pk": 3, "fields": {"nom": "Ecocert", "organisme_emetteur": "Ecocert Afrique", "description": null}}, {"model": "Agri_Connect_CI.certification", "pk": 4, "fields": {"nom": "Fairtrade", "organisme_emetteur": "Fairtrade International", "description": null}}, {"model": "Agri_Connect_CI.annonceproduit", "pk": 3, "fields": {"annonce": 1, "nom_produit": "Laitue bio", "categorie": 2, "unite": 4, "quantite": "50.00", "prix_unitaire": "500.00", "devise": 1, "conditionnement": null, "certification": null, "livraison_disponible": true}}, {"model": "Agri_Connect_CI.annonceproduit", "pk": 4, "fields": {"annonce": 2, "nom_produit": "Mangue Bio", "categorie": 2, "unite": 1, "quantite": "100.00", "prix_unitaire": "100.00", "devise": 1, "conditionnement": 3, "certification": 1, "livraison_disponible": true}}, {"model": "Agri_Connect_CI.typelivreur", "pk": 1, "fields": {"nom": "Individuel"}}, {"model": "Agri_Connect_CI.typelivreur", "pk": 2, "fields": {"nom": "Entreprise"}}, {"model": "Agri_Connect_CI.moyentransport", "pk": 1, "fields": {"nom": "Moto", "description": "Transport rapide en moto"}}, {"model": "Agri_Connect_CI.moyentransport", "pk": 2, "fields": {"nom": "Camion", "description": "Transport de grosses quantités"}}, {"model": "Agri_Connect_CI.moyentransport", "pk": 3, "fields": {"nom": "Tricycle", "description": "Véhicule à 3 roues pour petites livraisons"}}, {"model": "Agri_Connect_CI.moyentransport", "pk": 4, "fields": {"nom": "Pick-up", "description": "Véhicule utilitaire pour grosses quantités"}}, {"model": "Agri_Connect_CI.etatlivreur", "pk": 1, "fields": {"nom": "Disponible"}}, {"model": "Agri_Connect_CI.etatlivreur", "pk": 2, "fields": {"nom": "Indisponible"}}, {"model": "Agri_Connect_CI.tarif", "pk": 1, "fields": {"type_tarif": "Par km", "valeur": "200.00", "devise": 1}}, {"model": "Agri_Connect_CI.tarif", "pk": 2, "fields": {"type_tarif": "Forfait", "valeur": "5000.00", "devise": 1}}, {"model": "Agri_Connect_CI.tarif", "pk": 3, "fields": {"type_tarif": "Livraison express", "valeur": "3000.00", "devise": 1}}, {"model": "Agri_Connect_CI.tarif", "pk": 4, "fields": {"type_tarif": "Abonnement mensuel", "valeur": "25000.00", "devise": 1}}, {"model": "Agri_Connect_CI.tarif", "pk": 5, "fields": {"type_tarif": "partout à Abidjan", "valeur": "1000.00", "devise": 1}}, {"model": "Agri_Connect_CI.livreur", "pk": 1, "fields": {"utilisateur": 7, "type_livreur": 1, "tarif": null, "etat": 1, "description": "Livreur sérieux avec véhicule réfrigéré pour produits frais"}}, {"model": "Agri_Connect_CI.livreur", "pk": 2, "fields": {"utilisateur": 9, "type_livreur": 2, "tarif": 5, "etat": 1, "description": "Je suis un livreur expérimenté, je livre partout à Abidjan"}}, {"model": "Agri_Connect_CI.livreur", "pk": 3, "fields": {"utilisateur": 10, "type_livreur": 1, "tarif": 5, "etat": 1, "description": "livreur "}}, {"model": "Agri_Connect_CI.vehicule", "pk": 3, "fields": {"livreur": 2, "type": "Camionnette", "capacite": 3, "immatriculation": "AMV12", "photo_url": "vehicules/téléchargement_2_vhNoDX5.jpeg"}}, {"model": "Agri_Connect_CI.vehicule", "pk": 4, "fields": {"livreur": 2, "type": "Tricycle", "capacite": 5, "immatriculation": "AMV11", "photo_url": "vehicules/Tricycle-Bagage-scaled.jpg"}}, {"model": "Agri_Connect_CI.vehicule", "pk": 5, "fields": {"livreur": 2, "type": "Moto", "capacite": 4, "immatriculation": "AMV14", "photo_url": "vehicules/images_4.jpeg"}}, {"model": "Agri_Connect_CI.livreurzone", "pk": 1, "fields": {"livreur": 1, "zone": 1}}, {"model": "Agri_Connect_CI.livreurzone", "pk": 2, "fields": {"livreur": 1, "zone": 4}}, {"model": "Agri_Connect_CI.livreurzone", "pk": 3, "fields": {"livreur": 1, "zone": 1}}, {"model": "Agri_Connect_CI.livreurzone", "pk": 4, "fields": {"livreur": 1, "zone": 4}}, {"model": "Agri_Connect_CI.livreurmoyentransport", "pk": 1, "fields": {"livreur": 1, "moyen_transport": 2}}, {"model": "Agri_Connect_CI.disponibilitelivreur", "pk": 1, "fields": {"livreur": 1, "jour_semaine": "lundi", "date_debut": null, "date_fin": null, "statut": "disponible"}}, {"model": "Agri_Connect_CI.disponibilitelivreur", "pk": 2, "fields": {"livreur": 1, "jour_semaine": "mercredi", "date_debut": null, "date_fin": null, "statut": "disponible"}}, {"model": "Agri_Connect_CI.miseenrelation", "pk": 1, "fields": {"client": 6, "livreur": null, "producteur": 3, "date_contact": null, "moyen_contact": 3}}, {"model": "Agri_Connect_CI.miseenrelation", "pk": 2, "fields": {"client": 9, "livreur": 1, "producteur": null, "date_contact": "2025-06-11T14:03:48.795Z", "moyen_contact": 3}}, {"model": "Agri_Connect_CI.miseenrelation", "pk": 3, "fields": {"client": 8, "livreur": null, "producteur": null, "date_contact": "2025-06-12T00:49:10.258Z", "moyen_contact": 3}}, {"model": "Agri_Connect_CI.miseenrelation", "pk": 4, "fields": {"client": 8, "livreur": 2, "producteur": null, "date_contact": "2025-06-12T17:14:23.914Z", "moyen_contact": 3}}, {"model": "Agri_Connect_CI.miseenrelation", "pk": 5, "fields": {"client": 10, "livreur": null, "producteur": 1, "date_contact": "2025-06-13T00:07:42.870Z", "moyen_contact": 3}}, {"model": "Agri_Connect_CI.notation", "pk": 1, "fields": {"evaluateur": 6, "livreur": null, "producteur": 3, "mise_en_relation": 1, "note": 5, "commentaire": "Produits très frais et livraison rapide", "date_creation": null}}, {"model": "Agri_Connect_CI.notation", "pk": 2, "fields": {"evaluateur": 9, "livreur": 1, "producteur": null, "mise_en_relation": 2, "note": 4, "commentaire": "Très serviable et poli, merci beaucoup encore monsieur.", "date_creation": "2025-06-11T16:22:10.802Z"}}, {"model": "Agri_Connect_CI.notification", "pk": 1, "fields": {"utilisateur": 5, "message": "Nouvelle commande reçue de Fatou Traoré", "date_envoi": null, "lu": false}}, {"model": "Agri_Connect_CI.notification", "pk": 2, "fields": {"utilisateur": 6, "message": "Votre commande a été préparée et sera livrée demain", "date_envoi": null, "lu": false}}, {"model": "Agri_Connect_CI.positionactuelle", "pk": 1, "fields": {"livreur": 1, "latitude": "5.33631800", "longitude": "-4.02775100", "date_maj": null}}, {"model": "Agri_Connect_CI.faq", "pk": 1, "fields": {"question": "Qu'est-ce qu'AgriMarket ?", "reponse": "AgriMarket est une plateforme qui met en relation directe les producteurs agricoles locaux avec les acheteurs, sans intermédiaire. Notre objectif est de favoriser les circuits courts et de permettre aux producteurs de vendre leurs produits à un prix juste, tout en offrant aux consommateurs des produits frais et de qualité.", "categorie": "general", "ordre_affichage": 1}}, {"model": "Agri_Connect_CI.faq", "pk": 2, "fields": {"question": "Comment fonctionne la plateforme ?", "reponse": "Les producteurs créent des annonces pour leurs produits. Les acheteurs peuvent parcourir le catalogue, filtrer selon leurs préférences et contacter directement les producteurs via WhatsApp pour organiser l'achat. Un service de livraison optionnel est également disponible pour faciliter les échanges.", "categorie": "general", "ordre_affichage": 2}}, {"model": "Agri_Connect_CI.faq", "pk": 3, "fields": {"question": "L'inscription est-elle gratuite ?", "reponse": "Oui, l'inscription sur AgriMarket est entièrement gratuite pour tous les utilisateurs, qu'ils soient acheteurs, producteurs ou livreurs. Nous ne prenons aucune commission sur les ventes réalisées via notre plateforme.", "categorie": "general", "ordre_affichage": 3}}, {"model": "Agri_Connect_CI.faq", "pk": 4, "fields": {"question": "Comment contacter le service client ?", "reponse": "Vous pouvez nous contacter par email à support@agrimarket.fr ou par téléphone au +33 1 23 45 67 89. Notre équipe est disponible du lundi au vendredi, de 9h à 18h.", "categorie": "general", "ordre_affichage": 4}}, {"model": "Agri_Connect_CI.faq", "pk": 5, "fields": {"question": "Comment acheter des produits sur AgriMarket ?", "reponse": "Pour acheter des produits, créez d'abord un compte acheteur. Ensuite, parcourez le catalogue de produits, utilisez les filtres pour trouver ce qui vous intéresse, et contactez directement le producteur via le bouton WhatsApp présent sur chaque annonce.", "categorie": "acheteur", "ordre_affichage": 1}}, {"model": "Agri_Connect_CI.faq", "pk": 6, "fields": {"question": "Comment sont fixés les prix des produits ?", "reponse": "Les prix sont librement fixés par les producteurs eux-mêmes. Comme il n'y a pas d'intermédiaire, les prix sont généralement plus avantageux que dans le commerce traditionnel, tout en étant plus rémunérateurs pour les producteurs.", "categorie": "acheteur", "ordre_affichage": 2}}, {"model": "Agri_Connect_CI.faq", "pk": 7, "fields": {"question": "Puis-je évaluer un producteur après un achat ?", "reponse": "Oui, après chaque transaction, vous pouvez laisser une évaluation (note et commentaire) pour le producteur. Cela aide les autres acheteurs à faire leurs choix et encourage les producteurs à maintenir une qualité de service élevée.", "categorie": "acheteur", "ordre_affichage": 3}}, {"model": "Agri_Connect_CI.faq", "pk": 8, "fields": {"question": "Comment fonctionne la livraison ?", "reponse": "Vous pouvez soit convenir d'un point de rencontre avec le producteur, soit faire appel à un livreur partenaire d'AgriMarket. Les frais et modalités de livraison sont à convenir directement avec le producteur ou le livreur.", "categorie": "acheteur", "ordre_affichage": 4}}, {"model": "Agri_Connect_CI.faq", "pk": 9, "fields": {"question": "Comment devenir producteur sur AgriMarket ?", "reponse": "Pour devenir producteur, créez un compte via le lien \"Devenir producteur\" et remplissez le formulaire d'inscription avec vos informations personnelles et professionnelles. Vous devrez fournir une pièce d'identité et quelques documents justificatifs. Votre demande sera examinée par notre équipe et vous recevrez une réponse sous 48 heures.", "categorie": "producteur", "ordre_affichage": 1}}, {"model": "Agri_Connect_CI.faq", "pk": 10, "fields": {"question": "Comment publier une annonce ?", "reponse": "Une fois votre compte validé, connectez-vous et accédez à votre tableau de bord. Cliquez sur \"Créer une nouvelle annonce\" et remplissez le formulaire avec le titre, la description, le prix, la quantité disponible et ajoutez des photos de qualité. Votre annonce sera immédiatement publiée après validation.", "categorie": "producteur", "ordre_affichage": 2}}, {"model": "Agri_Connect_CI.faq", "pk": 11, "fields": {"question": "Y a-t-il des frais pour les producteurs ?", "reponse": "Non, l'utilisation d'AgriMarket est entièrement gratuite pour les producteurs. Nous ne prenons aucune commission sur vos ventes. Notre modèle économique repose sur des services optionnels que nous développons en parallèle.", "categorie": "producteur", "ordre_affichage": 3}}, {"model": "Agri_Connect_CI.faq", "pk": 12, "fields": {"question": "Comment gérer mes annonces ?", "reponse": "Depuis votre tableau de bord, vous pouvez voir toutes vos annonces actives, réservées ou archivées. Vous pouvez modifier une annonce, changer son statut, ajouter des photos ou la supprimer à tout moment.", "categorie": "producteur", "ordre_affichage": 4}}, {"model": "Agri_Connect_CI.faq", "pk": 13, "fields": {"question": "Comment devenir livreur partenaire ?", "reponse": "Pour devenir livreur, inscrivez-vous via le lien \"Devenir livreur\" et remplissez le formulaire avec vos informations personnelles, votre zone de livraison et le type de véhicule que vous utilisez. Vous devrez fournir une pièce d'identité et des documents sur votre véhicule. Votre demande sera examinée et vous recevrez une réponse sous 48 heures.", "categorie": "livreur", "ordre_affichage": 1}}, {"model": "Agri_Connect_CI.faq", "pk": 14, "fields": {"question": "Comment sont rémunérées les livraisons ?", "reponse": "Les tarifs de livraison sont fixés librement entre vous, le producteur et l'acheteur. AgriMarket ne prend aucune commission sur ces transactions. Vous êtes libre d'accepter ou de refuser une proposition de livraison.", "categorie": "livreur", "ordre_affichage": 2}}, {"model": "Agri_Connect_CI.faq", "pk": 15, "fields": {"question": "Comment trouver des opportunités de livraison ?", "reponse": "Une fois connecté à votre compte livreur, votre tableau de bord affichera les demandes de livraison disponibles dans votre zone. Vous pouvez également être directement contacté par des producteurs ou des acheteurs via WhatsApp pour organiser une livraison.", "categorie": "livreur", "ordre_affichage": 3}}, {"model": "Agri_Connect_CI.faq", "pk": 16, "fields": {"question": "Quelles sont les conditions pour être livreur ?", "reponse": "Pour être livreur, vous devez être majeur, posséder un véhicule approprié (vélo, scooter, voiture, camionnette), avoir une assurance valide et pouvoir justifier de votre identité. Vous devez également respecter les normes d'hygiène et de sécurité pour le transport de produits alimentaires.", "categorie": "livreur", "ordre_affichage": 4}}, {"model": "Agri_Connect_CI.favoris", "pk": 1, "fields": {"utilisateur": 6, "annonce": 1, "date_ajout": null}}, {"model": "Agri_Connect_CI.favoris", "pk": 2, "fields": {"utilisateur": 10, "annonce": 2, "date_ajout": "2025-06-12T23:55:32.624Z"}}]